time,joint1,joint2,joint3,joint4,joint5
1749040698.0681727,-0.35190001130104065,-19.125,-14.626799583435059,-2.187082052230835,0.16954125463962555
1749040698.1681178,9.16469955444336,-31.410900115966797,-3.748500108718872,-3.814678192138672,2.627889394760132
1749040698.2680583,2.3868000507354736,-29.8656005859375,-9.149399757385254,-4.37416410446167,1.8819078207015991
1749040698.3687801,4.972499847412109,-21.940200805664062,-12.775500297546387,-5.32359504699707,1.9327702522277832
1749040698.468668,6.334199905395508,-25.780500411987305,-11.520899772644043,-5.916989803314209,2.288806915283203
1749040698.568323,1.1016000509262085,-27.754199981689453,-12.239999771118164,-5.730494022369385,1.7971372604370117
1749040698.66847,2.478600025177002,-21.14459991455078,-15.330599784851074,-4.73020076751709,1.4919630289077759
1749040698.768137,4.5594000816345215,-22.842899322509766,-13.907699584960938,-4.764109134674072,1.7632290124893188
1749040698.8682158,1.6217999458312988,-23.562000274658203,-13.708800315856934,-4.01812744140625,1.7462748289108276
1749040698.9682004,2.922300100326538,-23.225400924682617,-13.555800437927246,-4.255485534667969,1.4919630289077759
1749040699.068204,3.503700017929077,-22.91939926147461,-12.347100257873535,-2.6109352111816406,1.5936877727508545
1749040699.1683207,2.4939000606536865,-22.995899200439453,-12.45419979095459,-2.3227150440216064,1.18678879737854
1749040699.2682855,2.891700029373169,-22.460399627685547,-12.729599952697754,-3.017834186553955,1.2037428617477417
1749040699.3681507,7.97130012512207,-23.975099563598633,-8.476200103759766,-2.356623411178589,2.0344951152801514
1749040699.468592,4.13100004196167,-25.2908992767334,-11.536199569702148,-2.933063507080078,1.0681098699569702
1749040699.5683136,1.6829999685287476,-23.623199462890625,-11.55150032043457,-2.7974305152893066,1.5089170932769775
1749040699.6683397,2.1572999954223633,-23.30190086364746,-12.591899871826172,-3.6281826496124268,1.1698346138000488
1749040699.7682495,1.6983000040054321,-25.428600311279297,-11.658599853515625,-4.831925392150879,2.3227150440216064
1749040699.8686824,4.375800132751465,-23.424299240112305,-10.771200180053711,-5.255778789520264,2.204036235809326
1749040699.968301,5.5233001708984375,-23.730300903320312,-9.700200080871582,-4.933650493621826,2.204036235809326
1749040700.0683131,4.850100040435791,-19.72170066833496,-12.989700317382812,-5.408365726470947,2.2379446029663086
1749040700.168067,5.110199928283691,-22.582799911499023,-11.214900016784668,-5.120145797729492,2.441394090652466
1749040700.2686346,2.9070000648498535,-23.852699279785156,-11.123100280761719,-4.577613830566406,2.475302219390869
1749040700.3682458,2.585700035095215,-24.556499481201172,-11.536199569702148,-4.882788181304932,2.37357759475708
1749040700.4681444,4.94189977645874,-19.782899856567383,-11.214900016784668,-3.9672653675079346,1.915816068649292
1749040700.5683517,5.492700099945068,-20.471399307250977,-10.924200057983398,-3.4925496578216553,1.8649537563323975
1749040700.668639,5.263199806213379,-20.808000564575195,-11.291399955749512,-3.4416873455047607,1.8649537563323975
1749040700.768359,0.9639000296592712,-23.28660011291504,-12.591899871826172,-3.017834186553955,1.4919630289077759
1749040700.8683593,1.7288999557495117,-20.226600646972656,-12.025799751281738,-3.2212836742401123,1.6106418371200562
1749040700.968113,2.371500015258789,-19.125,-12.392999649047852,-2.9500176906585693,1.3902382850646973
1749040701.0681427,3.3966000080108643,-18.650699615478516,-9.65429973602295,-2.712660074234009,1.0681098699569702
1749040701.1681552,2.9070000648498535,-19.675800323486328,-12.148200035095215,-2.661797523498535,1.4411005973815918
1749040701.268067,4.115699768066406,-18.834299087524414,-10.95479965209961,-2.644843578338623,1.18678879737854
1749040701.368514,4.008600234985352,-19.170900344848633,-12.392999649047852,-2.8482930660247803,1.4411005973815918
1749040701.4682105,3.167099952697754,-21.802499771118164,-11.092499732971191,-3.916402816772461,2.4922564029693604
1749040701.5684235,4.406400203704834,-20.1653995513916,-10.097999572753906,-3.560366153717041,1.9327702522277832
1749040701.6682155,5.737500190734863,-20.4867000579834,-9.96030044555664,-3.8824946880340576,1.5936877727508545
1749040701.768269,5.293799877166748,-19.369800567626953,-11.107799530029297,-3.7807698249816895,1.9497243165969849
1749040701.868106,5.507999897003174,-20.410200119018555,-11.184300422668457,-3.8994486331939697,2.2379446029663086
1749040701.9679983,4.727700233459473,-20.54789924621582,-12.117600440979004,-4.39111852645874,1.6615042686462402
1749040702.067967,3.9779999256134033,-20.31839942932129,-11.582099914550781,-4.323301792144775,1.9497243165969849
1749040702.168028,4.115699768066406,-19.063800811767578,-10.908900260925293,-3.662091016769409,1.6106418371200562
1749040702.268016,4.452300071716309,-19.125,-10.740599632263184,-3.5942745208740234,2.288806915283203
1749040702.3680954,4.4217000007629395,-18.71190071105957,-11.398500442504883,-3.933357000350952,1.5767335891723633
1749040702.4681394,2.4326999187469482,-17.625600814819336,-12.775500297546387,-3.475595712661743,1.3563300371170044
1749040702.5681682,2.922300100326538,-16.12619972229004,-12.25529956817627,-3.7129533290863037,1.0850640535354614
1749040702.6681213,2.6928000450134277,-14.305500030517578,-11.168999671936035,-3.085650682449341,1.2715593576431274
1749040702.7682955,3.5190000534057617,-12.102299690246582,-10.725299835205078,-2.8482930660247803,1.1528805494308472
1749040702.8681214,3.059999942779541,-12.041099548339844,-11.06190013885498,-2.746568202972412,1.3563300371170044
1749040702.9681005,3.687299966812134,-11.582099914550781,-11.67389965057373,-2.9839260578155518,1.3563300371170044
1749040703.068074,3.2130000591278076,-11.628000259399414,-12.377699851989746,-2.7974305152893066,1.373284101486206
1749040703.168144,4.115699768066406,-11.55150032043457,-11.245499610900879,-3.458641529083252,2.0514490604400635
1749040703.2682657,4.436999797821045,-11.2608003616333,-10.57229995727539,-3.102604866027832,1.8479995727539062
1749040703.3679678,4.5594000816345215,-10.83240032196045,-9.914400100708008,-3.187375545501709,2.204036235809326
1749040703.4680502,4.605299949645996,-10.893600463867188,-10.985400199890137,-3.5773203372955322,1.458054780960083
1749040703.5682135,4.452300071716309,-10.404000282287598,-11.612700462341309,-3.9503111839294434,1.729320764541626
1749040703.6681447,4.467599868774414,-10.755900382995605,-10.924200057983398,-3.7129533290863037,1.8479995727539062
1749040703.7681036,4.360499858856201,-10.985400199890137,-11.4443998336792,-3.5264580249786377,1.6615042686462402
1749040703.868062,3.886199951171875,-10.220399856567383,-11.15369987487793,-3.4077792167663574,1.4241465330123901
1749040703.9679956,4.054500102996826,-10.465200424194336,-11.046600341796875,-3.272146224975586,1.9497243165969849
1749040704.0680995,4.100399971008301,-10.618200302124023,-10.86299991607666,-3.2382378578186035,1.7632290124893188
1749040704.168117,2.2490999698638916,-11.413800239562988,-11.015999794006348,-3.373870849609375,1.6275960206985474
1749040704.268334,2.8763999938964844,-10.618200302124023,-11.138400077819824,-3.1195590496063232,1.678458333015442
1749040704.3680913,3.167099952697754,-10.618200302124023,-11.138400077819824,-3.6281826496124268,1.5767335891723633
1749040704.4680839,3.2894999980926514,-10.296899795532227,-10.740599632263184,-2.6787517070770264,1.1528805494308472
1749040704.56821,3.304800033569336,-10.602899551391602,-10.710000038146973,-3.289100170135498,1.4411005973815918
1749040704.6681013,3.9014999866485596,-10.740599632263184,-11.168999671936035,-3.000880241394043,1.6615042686462402
1749040704.7680488,3.5190000534057617,-10.694700241088867,-11.383199691772461,-3.0347883701324463,1.1698346138000488
1749040704.8682141,3.7026000022888184,-10.34280014038086,-11.918700218200684,-3.2212836742401123,1.8479995727539062
1749040704.968139,3.411900043487549,-10.388699531555176,-11.245499610900879,-3.2382378578186035,1.7462748289108276
1749040705.068223,3.9014999866485596,-10.495800018310547,-10.939499855041504,-3.390825033187866,2.1362197399139404
1749040705.16826,4.1768999099731445,-10.786499977111816,-11.077199935913086,-3.356916666030884,1.644550085067749
1749040705.2680278,4.360499858856201,-10.66409969329834,-11.291399955749512,-3.4247331619262695,1.5936877727508545
1749040705.3681893,3.5648999214172363,-10.526399612426758,-11.15369987487793,-3.475595712661743,1.678458333015442
1749040705.4681814,3.855600118637085,-10.511099815368652,-10.985400199890137,-3.356916666030884,1.7123665809631348
1749040705.568322,4.161600112915039,-10.159199714660645,-10.587599754333496,-3.7977240085601807,1.7632290124893188
1749040705.6679578,4.13100004196167,-10.511099815368652,-10.83240032196045,-3.000880241394043,1.3224217891693115
1749040705.7682617,4.054500102996826,-10.465200424194336,-10.205100059509277,-2.916109561920166,1.4241465330123901
1749040705.8682876,2.677500009536743,-11.15369987487793,-10.511099815368652,-3.390825033187866,1.3902382850646973
1749040705.9684267,2.753999948501587,-10.679400444030762,-10.602899551391602,-2.9669718742370605,1.2546052932739258
1749040706.0683627,3.2894999980926514,-10.679400444030762,-10.847700119018555,-3.1704213619232178,1.644550085067749
1749040706.1681838,3.5954999923706055,-10.602899551391602,-10.511099815368652,-3.475595712661743,1.729320764541626
1749040706.2680573,3.167099952697754,-10.985400199890137,-10.57229995727539,-3.000880241394043,1.4241465330123901
1749040706.3680825,3.6566998958587646,-10.526399612426758,-10.924200057983398,-2.746568202972412,1.678458333015442
1749040706.468119,3.365999937057495,-10.449899673461914,-11.2608003616333,-3.4925496578216553,1.6106418371200562
1749040706.5682,3.197700023651123,-10.557000160217285,-10.771200180053711,-3.2212836742401123,1.8310455083847046
1749040706.6680422,3.442500114440918,-10.970100402832031,-10.419300079345703,-3.356916666030884,1.8140913248062134
1749040706.768053,3.687299966812134,-10.95479965209961,-10.465200424194336,-3.814678192138672,2.000586748123169
1749040706.8681197,3.779099941253662,-11.276100158691406,-11.15369987487793,-3.4247331619262695,1.8479995727539062
1749040706.9682555,3.8708999156951904,-11.321999549865723,-11.031299591064453,-3.102604866027832,1.7123665809631348
1749040707.0681376,3.9626998901367188,-11.092499732971191,-11.031299591064453,-3.475595712661743,1.6275960206985474
1749040707.1683748,3.9014999866485596,-10.95479965209961,-11.107799530029297,-3.746861696243286,1.8310455083847046
1749040707.2681417,3.8708999156951904,-10.847700119018555,-10.95479965209961,-3.017834186553955,1.8479995727539062
1749040707.3680878,3.3966000080108643,-10.587599754333496,-11.031299591064453,-2.899155378341675,1.7123665809631348
1749040707.4680572,3.473099946975708,-10.648799896240234,-11.168999671936035,-3.2551920413970947,1.6106418371200562
1749040707.5683546,3.1823999881744385,-10.878299713134766,-11.337300300598145,-3.3060543537139893,1.6615042686462402
1749040707.668253,3.503700017929077,-10.740599632263184,-11.199600219726562,-3.5942745208740234,1.8140913248062134
1749040707.768251,3.6566998958587646,-10.985400199890137,-11.000699996948242,-3.1534671783447266,1.8479995727539062
1749040707.8681843,3.5190000534057617,-10.939499855041504,-10.86299991607666,-2.9669718742370605,1.6615042686462402
1749040707.9682274,3.4883999824523926,-11.077199935913086,-11.031299591064453,-2.916109561920166,1.3563300371170044
1749040708.068337,3.7637999057769775,-10.924200057983398,-10.970100402832031,-3.1195590496063232,1.3393758535385132
1749040708.1688643,3.748500108718872,-10.908900260925293,-10.924200057983398,-3.4925496578216553,1.6615042686462402
1749040708.2684577,3.8403000831604004,-10.924200057983398,-10.480500221252441,-3.4247331619262695,1.9497243165969849
1749040708.3685884,3.4272000789642334,-10.66409969329834,-10.189800262451172,-3.1704213619232178,1.915816068649292
1749040708.468544,3.167099952697754,-10.771200180053711,-10.143899917602539,-3.2043297290802,1.8310455083847046
1749040708.568181,3.5190000534057617,-11.046600341796875,-10.189800262451172,-3.2551920413970947,1.8310455083847046
1749040708.6681328,3.7332000732421875,-10.939499855041504,-10.174500465393066,-3.543412208557129,2.085357427597046
1749040708.7680728,3.6566998958587646,-10.679400444030762,-10.235699653625488,-3.831632137298584,2.2209904193878174
1749040708.8680856,3.7637999057769775,-10.648799896240234,-10.113300323486328,-4.052035808563232,2.3227150440216064
1749040708.9680452,3.7026000022888184,-10.602899551391602,-10.174500465393066,-3.272146224975586,2.0684032440185547
1749040709.0681694,3.580199956893921,-10.893600463867188,-10.281599998474121,-3.0517425537109375,1.8988620042800903
1749040709.1680014,3.503700017929077,-11.092499732971191,-10.465200424194336,-3.0347883701324463,1.729320764541626
1749040709.268029,3.3201000690460205,-11.429100036621094,-10.648799896240234,-3.2212836742401123,1.5428253412246704
1749040709.3680742,3.335400104522705,-11.276100158691406,-10.434599876403809,-3.4247331619262695,1.5428253412246704
1749040709.468018,3.4577999114990234,-12.33180046081543,-10.95479965209961,-3.085650682449341,1.4411005973815918
1749040709.5682106,3.717900037765503,-11.291399955749512,-10.34280014038086,-3.543412208557129,1.3902382850646973
1749040709.668084,3.5954999923706055,-11.245499610900879,-10.281599998474121,-3.3399627208709717,1.407192349433899
1749040709.7682135,3.580199956893921,-11.2608003616333,-10.312199592590332,-3.3060543537139893,1.5089170932769775
1749040709.8682117,3.3812999725341797,-11.199600219726562,-10.281599998474121,-3.1365132331848145,1.5936877727508545
1749040709.968267,3.3506999015808105,-11.199600219726562,-10.296899795532227,-3.1704213619232178,1.729320764541626
1749040710.0680356,3.304800033569336,-11.245499610900879,-10.526399612426758,-3.4077792167663574,1.7801830768585205
1749040710.168067,3.3812999725341797,-11.2608003616333,-10.633500099182129,-3.5942745208740234,1.729320764541626
1749040710.268099,3.442500114440918,-11.245499610900879,-10.694700241088867,-3.645136833190918,1.6615042686462402
1749040710.36831,3.5343000888824463,-11.092499732971191,-10.86299991607666,-3.729907512664795,1.7123665809631348
1749040710.468539,3.411900043487549,-11.15369987487793,-10.95479965209961,-3.7977240085601807,1.729320764541626
1749040710.5683787,3.61080002784729,-10.985400199890137,-10.939499855041504,-3.7977240085601807,1.678458333015442
1749040710.6680305,3.641400098800659,-10.970100402832031,-10.83240032196045,-3.543412208557129,1.729320764541626
1749040710.7680447,3.5495998859405518,-10.83240032196045,-10.771200180053711,-3.289100170135498,1.7632290124893188
1749040710.8681424,3.825000047683716,-10.908900260925293,-10.648799896240234,-3.1195590496063232,1.7632290124893188
1749040710.9680386,3.8403000831604004,-10.817099571228027,-10.57229995727539,-3.0347883701324463,1.7632290124893188
1749040711.0681176,3.855600118637085,-10.86299991607666,-10.511099815368652,-2.9839260578155518,1.7801830768585205
1749040711.168274,3.7943999767303467,-10.939499855041504,-10.526399612426758,-2.933063507080078,1.8140913248062134
1749040711.2680545,3.5954999923706055,-10.95479965209961,-10.511099815368652,-2.916109561920166,1.7632290124893188
1749040711.3682013,3.3966000080108643,-10.66409969329834,-10.34280014038086,-2.9839260578155518,1.7632290124893188
1749040711.4680665,3.4883999824523926,-10.694700241088867,-10.235699653625488,-3.017834186553955,1.644550085067749
1749040711.568215,3.5954999923706055,-10.633500099182129,-10.205100059509277,-3.085650682449341,1.4750088453292847
1749040711.6681066,3.7026000022888184,-10.694700241088867,-10.113300323486328,-3.0686967372894287,1.373284101486206
1749040711.767942,4.0391998291015625,-10.388699531555176,-10.05210018157959,-3.3230085372924805,1.3902382850646973
1749040711.8679342,3.825000047683716,-10.602899551391602,-10.189800262451172,-3.373870849609375,1.3393758535385132
1749040711.968616,3.886199951171875,-10.648799896240234,-10.143899917602539,-3.4416873455047607,1.3054676055908203
1749040712.0682456,3.855600118637085,-10.740599632263184,-10.296899795532227,-3.4925496578216553,1.3393758535385132
1749040712.1682518,3.671999931335449,-10.847700119018555,-10.404000282287598,-3.4925496578216553,1.2885135412216187
1749040712.268059,3.717900037765503,-10.786499977111816,-10.358099937438965,-3.560366153717041,1.3054676055908203
1749040712.3679428,3.7332000732421875,-10.86299991607666,-10.358099937438965,-3.4925496578216553,1.3393758535385132
1749040712.4679239,3.6566998958587646,-10.847700119018555,-10.358099937438965,-3.4247331619262695,1.3563300371170044
1749040712.5680869,3.6261000633239746,-10.95479965209961,-10.465200424194336,-3.390825033187866,1.3563300371170044
1749040712.6680121,3.61080002784729,-10.939499855041504,-10.57229995727539,-3.3230085372924805,1.3563300371170044
1749040712.7681277,3.641400098800659,-10.985400199890137,-10.648799896240234,-3.272146224975586,1.373284101486206
1749040712.868055,3.6261000633239746,-11.123100280761719,-10.679400444030762,-3.2043297290802,1.4241465330123901
1749040712.9682403,3.641400098800659,-11.214900016784668,-10.694700241088867,-3.1195590496063232,1.407192349433899
1749040713.0681527,3.580199956893921,-11.2608003616333,-10.817099571228027,-3.1365132331848145,1.407192349433899
1749040713.1680741,3.61080002784729,-11.199600219726562,-10.83240032196045,-3.1365132331848145,1.5089170932769775
1749040713.2680962,3.748500108718872,-11.276100158691406,-10.939499855041504,-3.1534671783447266,1.4750088453292847
1749040713.3683155,3.7637999057769775,-11.35260009765625,-10.878299713134766,-3.1195590496063232,1.458054780960083
1749040713.4681427,3.8403000831604004,-11.505599975585938,-10.83240032196045,-3.1365132331848145,1.5089170932769775
1749040713.5683687,3.671999931335449,-11.55150032043457,-10.95479965209961,-3.1365132331848145,1.4750088453292847
1749040713.668089,3.717900037765503,-11.704500198364258,-10.95479965209961,-3.1195590496063232,1.4411005973815918
1749040713.7682383,3.6261000633239746,-11.735099792480469,-10.985400199890137,-3.085650682449341,1.4241465330123901
1749040713.8681452,3.7637999057769775,-11.888099670410156,-10.970100402832031,-3.102604866027832,1.4411005973815918
1749040713.9682293,3.4883999824523926,-12.086999893188477,-11.046600341796875,-3.0347883701324463,1.3902382850646973
1749040714.068177,3.5648999214172363,-12.423600196838379,-11.046600341796875,-3.0686967372894287,1.3902382850646973
1749040714.1681845,3.442500114440918,-12.790800094604492,-11.077199935913086,-3.017834186553955,1.373284101486206
1749040714.2682726,3.3506999015808105,-13.096799850463867,-11.107799530029297,-2.9839260578155518,1.3393758535385132
1749040714.368446,3.4883999824523926,-13.616999626159668,-10.970100402832031,-2.9500176906585693,1.3393758535385132
1749040714.4680328,3.304800033569336,-14.076000213623047,-11.077199935913086,-2.9669718742370605,1.2885135412216187
1749040714.5682473,3.4883999824523926,-14.825699806213379,-11.000699996948242,-2.9839260578155518,1.3393758535385132
1749040714.6680343,3.2894999980926514,-15.391799926757812,-11.138400077819824,-2.916109561920166,1.2715593576431274
1749040714.7681293,3.335400104522705,-15.957900047302246,-10.95479965209961,-2.8652470111846924,1.3054676055908203
1749040714.868142,3.2588999271392822,-16.309799194335938,-10.985400199890137,-2.8822011947631836,1.2885135412216187
1749040714.9680958,3.059999942779541,-16.38629913330078,-11.077199935913086,-2.8482930660247803,1.2715593576431274
1749040715.0681164,2.998800039291382,-16.5851993560791,-11.15369987487793,-2.7804765701293945,1.2037428617477417
1749040715.1680832,2.998800039291382,-17.013599395751953,-11.077199935913086,-2.644843578338623,1.1528805494308472
1749040715.2683082,2.7386999130249023,-17.212499618530273,-11.046600341796875,-2.5261645317077637,1.0850640535354614
1749040715.3681495,2.5550999641418457,-16.845300674438477,-11.123100280761719,-2.4922564029693604,1.0511558055877686
1749040715.468037,2.2950000762939453,-17.181900024414062,-11.230199813842773,-2.356623411178589,0.9663851261138916
1749040715.5679576,1.8818999528884888,-17.059499740600586,-11.15369987487793,-2.2548985481262207,0.8816145062446594
1749040715.6681368,1.4228999614715576,-17.12070083618164,-11.15369987487793,-2.01754093170166,0.7459815144538879
1749040715.7685354,0.9179999828338623,-17.074800491333008,-11.2608003616333,-2.01754093170166,0.6781650185585022
1749040715.8681836,0.5813999772071838,-17.227800369262695,-11.321999549865723,-1.8988620042800903,0.5425320267677307
1749040715.968489,0.33660000562667847,-17.36549949645996,-11.367899894714355,-1.729320764541626,0.4238531291484833
1749040716.06824,0.15299999713897705,-17.457300186157227,-11.475000381469727,-1.5936877727508545,0.2882201373577118
1749040716.1679327,-0.07649999856948853,-17.594999313354492,-11.612700462341309,-1.4919630289077759,0.18649537861347198
1749040716.268159,-0.47429999709129333,-17.53380012512207,-11.689200401306152,-1.3563300371170044,0.10172475129365921
